{
    "title": {
      "locales": {
        "ar": "",
        "bn": "",
        "de": "",
        "en": "Farm from Anywhere",
        "fr": "Farm from Anywhere",
        "hi": "",
        "id": "",
        "it": "",
        "ja": "",
        "uk": "",
        "zh": "",
        "pt": "",
        "ru": "",
        "es": "",
        "tr": ""
      }
    },
    "tagline": {
      "locales": {
        "ar": "",
        "bn": "",
        "de": "",
        "en": "Earn rewards by running a farmer node by pledging spare disk. No expensive setup or upfront capital is required.",
        "fr": "Earn rewards by running a farmer node by pledging spare disk. No expensive setup or upfront capital is required.",
        "hi": "",
        "id": "",
        "it": "",
        "ja": "",
        "uk": "",
        "zh": "",
        "pt": "",
        "ru": "",
        "es": "",
        "tr": ""
      }
    }
  }
  